{"cameraMode":{"drawMode":0,"name":"Shaded","section":"Shading Mode"},"sceneLighting":true,"audioPlay":false,"sceneViewState":{"showFog":true,"showMaterialUpdate":false,"showSkybox":true,"showFlares":true,"showImageEffects":true,"showParticleSystems":true},"in2DMode":false,"pivot":{"x":-0.0009632110595703125,"y":0.08918706327676773,"z":-0.4975355565547943},"rotation":{"x":0.22742481529712678,"y":-0.7309669852256775,"z":0.2892571687698364,"w":0.5747132897377014},"size":8.729421615600586,"orthographic":false}